{
  "episodes_per_tial": 6000,
  "exploration_rate_min": 1,
  "gamma": 0.5078304471624056,
  "lr": 2.9108686965232132e-05,
  "max_times": 1,
  "sync_every_rate": 0.03655355198855374
}