{
  "episodes_per_tial": 6000,
  "exploration_rate_min": 1,
  "gamma": 0.7287081676373739,
  "lr": 1.4233441764870648e-06,
  "max_times": 1,
  "sync_every_rate": 0.04552212025095163
}