{
  "episodes_per_tial": 6000,
  "exploration_rate_min": 1,
  "gamma": 0.7183902825797207,
  "lr": 1.5631977030004097e-06,
  "max_times": 1,
  "sync_every_rate": 0.019442083385852203
}