{
  "episodes_per_tial": 6000,
  "exploration_rate_min": 1,
  "gamma": 0.7273079517548582,
  "lr": 5.426073882497272e-06,
  "max_times": 1,
  "sync_every_rate": 0.018438273771615613
}