variant,QMean,QStd,RewardMean,RewardStd
000,4.675753479999999,1.4289906533878938,24.549086909945853,8.015990270495314
001,5.66986039,1.638306184539095,24.574042919068212,7.993989257913369
010,3.70918716,1.015077502339743,24.713594326015834,8.332524844722235
011,3.79258252,1.1361195352007263,24.09329911241854,8.305110570408495
100,4.741229230000001,1.463548568339909,24.478984122951392,8.191821304782799
101,4.81673022,1.5439270173218576,24.672337266773006,8.00026131417349
110,3.4688861500000003,0.986688385657026,24.59013774532063,8.043579821683277
111,3.76063937,1.0971904250788866,24.148110878346234,7.959346088808738
