,base,full,analysis1,analysis2
count,5386.0,5386.0,0.0,0.0
mean,5.2041625993316005,4.029929792053472,-1.1742328072781287,-0.2256333819064266
std,2.6727226644652147,2.5450947181037313,-0.12762794636148334,-0.04775203505337147
min,-0.05814,-0.04224,0.015899999999999997,-0.27347781217750256
25%,3.3589,2.0659225,-1.2929775000000001,-0.38494075441364733
50%,4.934575,3.655085,-1.2794899999999996,-0.25929082038473417
75%,6.776285,5.502015,-1.2742699999999996,-0.18804846608429243
max,20.20776,17.34555,-2.862210000000001,-0.1416391524839963
