{
  "episodes_per_tial": 6000,
  "exploration_rate_min": 1,
  "gamma": 0.9401517613384521,
  "lr": 8.746614273862003e-06,
  "max_times": 1,
  "sync_every_rate": 0.00991327348969898
}