{
  "episodes_per_tial": 6000,
  "exploration_rate_min": 1,
  "gamma": 0.5769737029281354,
  "lr": 9.673732617466477e-06,
  "max_times": 1,
  "sync_every_rate": 0.032345327058154384
}