{
  "episodes_per_tial": 6000,
  "exploration_rate_min": 1,
  "gamma": 0.9275265668587709,
  "lr": 1.8901160222980978e-05,
  "max_times": 1,
  "sync_every_rate": 0.04986615038073883
}