{
  "episodes_per_tial": 6000,
  "exploration_rate_min": 1,
  "gamma": 0.9242142968627046,
  "lr": 1.8272551969641399e-06,
  "max_times": 1,
  "sync_every_rate": 0.02446490250664699
}