{
  "episodes_per_tial": 6000,
  "exploration_rate_min": 1,
  "gamma": 0.9636289774134595,
  "lr": 7.598464278829539e-05,
  "max_times": 1,
  "sync_every_rate": 0.03504929278020851
}