{
  "episodes_per_tial": 6000,
  "exploration_rate_min": 1,
  "gamma": 0.8906199307319971,
  "lr": 1.6837614486487923e-06,
  "max_times": 1,
  "sync_every_rate": 0.01796223956005995
}