{
  "episodes_per_tial": 6000,
  "exploration_rate_min": 1,
  "gamma": 0.5694627382055542,
  "lr": 3.3797416505361825e-05,
  "max_times": 1,
  "sync_every_rate": 0.030835776770739034
}