{
  "episodes_per_tial": 6000,
  "exploration_rate_min": 1,
  "gamma": 0.928088317913491,
  "lr": 3.963552428801209e-05,
  "max_times": 1,
  "sync_every_rate": 0.03262211306779091
}