{
  "episodes_per_tial": 6000,
  "exploration_rate_min": 1,
  "gamma": 0.7272712393584281,
  "lr": 4.782244561223589e-05,
  "max_times": 1,
  "sync_every_rate": 0.015489532782028772
}