{
  "episodes_per_tial": 6000,
  "exploration_rate_min": 1,
  "gamma": 0.7858085942313688,
  "lr": 6.731731531071763e-05,
  "max_times": 1,
  "sync_every_rate": 0.03298109458471275
}