{
  "episodes_per_tial": 6000,
  "exploration_rate_min": 1,
  "gamma": 0.6581032393218108,
  "lr": 1.396710098240061e-05,
  "max_times": 1,
  "sync_every_rate": 0.04951778013121691
}