{
  "episodes_per_tial": 6000,
  "exploration_rate_min": 1,
  "gamma": 0.8611784621741989,
  "lr": 1.3652593174707553e-06,
  "max_times": 1,
  "sync_every_rate": 0.017749911767300938
}