{
  "episodes_per_tial": 6000,
  "exploration_rate_min": 1,
  "gamma": 0.6319401145748789,
  "lr": 2.9995393131567617e-06,
  "max_times": 1,
  "sync_every_rate": 0.020532904049545827
}