{
  "episodes_per_tial": 6000,
  "exploration_rate_min": 1,
  "gamma": 0.9821421994898216,
  "lr": 8.179894417463942e-05,
  "max_times": 1,
  "sync_every_rate": 0.008165402682338745
}