{
  "episodes_per_tial": 6000,
  "exploration_rate_min": 1,
  "gamma": 0.7708748175759945,
  "lr": 3.4373766693149944e-05,
  "max_times": 1,
  "sync_every_rate": 0.04019244538399605
}