{
  "episodes_per_tial": 6000,
  "exploration_rate_min": 1,
  "gamma": 0.7962268312706796,
  "lr": 1.7095067424613287e-06,
  "max_times": 1,
  "sync_every_rate": 0.021898610723158414
}