{
  "episodes_per_tial": 6000,
  "exploration_rate_min": 1,
  "gamma": 0.9876047674950357,
  "lr": 2.745634764343771e-06,
  "max_times": 1,
  "sync_every_rate": 0.040448474530786344
}