{
  "episodes_per_tial": 6000,
  "exploration_rate_min": 1,
  "gamma": 0.5801046278983519,
  "lr": 8.829366703894898e-06,
  "max_times": 1,
  "sync_every_rate": 0.04826094335814929
}