{
  "episodes_per_tial": 6000,
  "exploration_rate_min": 1,
  "gamma": 0.8787628686434685,
  "lr": 7.093901643048937e-06,
  "max_times": 1,
  "sync_every_rate": 0.03691871277844469
}