{
  "episodes_per_tial": 6000,
  "exploration_rate_min": 1,
  "gamma": 0.7599230858696868,
  "lr": 2.291552072671878e-05,
  "max_times": 1,
  "sync_every_rate": 0.03476481670440116
}