{
  "episodes_per_tial": 6000,
  "exploration_rate_min": 1,
  "gamma": 0.9442387612042553,
  "lr": 5.060016134343195e-06,
  "max_times": 1,
  "sync_every_rate": 0.026408250396062195
}