{
  "episodes_per_tial": 6000,
  "exploration_rate_min": 1,
  "gamma": 0.9742671637235388,
  "lr": 6.500721305737735e-05,
  "max_times": 1,
  "sync_every_rate": 0.046428548587908874
}