{
  "episodes_per_tial": 6000,
  "exploration_rate_min": 1,
  "gamma": 0.8420365664663265,
  "lr": 7.575359034295602e-05,
  "max_times": 1,
  "sync_every_rate": 0.022454052956362793
}