{
  "episodes_per_tial": 6000,
  "exploration_rate_min": 1,
  "gamma": 0.8057925594521393,
  "lr": 1.2327472143278442e-05,
  "max_times": 1,
  "sync_every_rate": 0.01099408002835249
}