{
  "episodes_per_tial": 6000,
  "exploration_rate_min": 1,
  "gamma": 0.9182295568413691,
  "lr": 6.732264314283961e-05,
  "max_times": 1,
  "sync_every_rate": 0.011811131473254315
}