{
  "episodes_per_tial": 6000,
  "exploration_rate_min": 1,
  "gamma": 0.7852061513874418,
  "lr": 2.3971339931325318e-05,
  "max_times": 1,
  "sync_every_rate": 0.023471757854570556
}